﻿"Cube Title","Product Id","CANSIM Id",URL,"Cube Notes","Archive Status",Frequency,"Start Reference Period","End Reference Period","Total number of dimensions"
"Licensed cannabis industry statistics",36100283,,"https://www150.statcan.gc.ca/t1/tbl1/en/tv.action?pid=3610028301",1;2;3,"CURRENT - a cube available to the public and that is current",Annual,2016-01-01,2016-01-01,2

"Dimension ID","Dimension name","Dimension Notes","Dimension Definitions"
1,Geography,,
2,Indicator,,

"Dimension ID","Member Name","Classification Code","Member ID","Parent Member ID",Terminated,"Member Notes","Member Definitions"
1,Canada,[11124],1,,,,
2,"Total revenue",,1,,,,
2,"Cannabis revenue",,2,1,,,
2,"Other cannabis-related revenue",,3,1,,,
2,"Revenues not related to cannabis",,4,1,,,
2,"Total sales",,5,,,,
2,"Cannabis for medical use",,6,5,,,
2,"Cannabis for medical use, dried",,7,5,,,
2,"Cannabis for medical use, oil",,8,5,,,
2,"Total expenses",,9,,,,
2,Inventories,,10,,,,
2,Investment,,11,,,,
2,Construction,,12,11,,,
2,"Machinery and equipment",,13,11,,,
2,"Intellectual property products",,14,11,,,
2,"Other investment",,15,11,,,
2,"Total production",,16,,,,
2,"Cannabis for medical use",,17,16,,,
2,"Cannabis for medical use, dried",,18,16,,,
2,"Cannabis for medical use, oil",,19,16,,,
2,"Shipments to registered clients",,20,,,,
2,"Personal production for own use",,21,,,,
2,"Production by designated person",,22,,,,
2,"Inventories held",,23,,,,
2,"Average amount of dried cannabis for medical use authorized per client",,24,,,,
2,"Average amount of dried  cannabis for medical use per client shipment",,25,,,,
2,"Number of cannabis for medical use licences issued",,26,,,,
2,"Registered clients",,27,,,,
2,"Producer price per gram",,28,,,,

Symbol Legend
Description,Symbol
"not available for a specific reference period",..
"less than the limit of detection",<LOD
"value rounded to 0 (zero) where there is a meaningful distinction between true zero and the value that was rounded",0s
"data quality: excellent",A
"data quality: very good",B
"data quality: good",C
"data quality: acceptable",D
"use with caution",E
"too unreliable to be published.",F
"not applicable",...
preliminary,p
revised,r
"suppressed to meet the confidentiality requirements of the Statistics Act",x
terminated,t

"Survey Code","Survey Name"
5263,"Crowdsourcing - Cannabis"

"Subject Code","Subject Name"
36,"Economic accounts"

"Note ID",Note
1,"Statistics Canada, Licensed Cannabis Producers Survey, No. 5252 (http://www23.statcan.gc.ca/imdb/p2SV.pl?Function=getSurvey&SDDS=5252)"
2,"Health Canada (https://www.canada.ca/en/health-canada.html)"
3,"Statistics Canada, ""A cannabis economic account - A framework"", Latest Developments in the Canadian Economic Accounts (13-605-X), 2017 (https://www150.statcan.gc.ca/n1/pub/13-605-x/2017001/article/54881-eng.htm)"

"Correction ID","Correction Date","Correction Note"

