﻿"Cube Title","Product Id","CANSIM Id",URL,"Cube Notes","Archive Status",Frequency,"Start Reference Period","End Reference Period","Total number of dimensions"
"Prevalence of cannabis consumption in Canada",36100597,,"https://www150.statcan.gc.ca/t1/tbl1/en/tv.action?pid=3610059701",,"CURRENT - a cube available to the public and that is current",Annual,1961-01-01,2018-01-01,4

"Dimension ID","Dimension name","Dimension Notes","Dimension Definitions"
1,Geography,,
2,Prevalence,,
3,"Age group",,
4,"Frequency of use",,

"Dimension ID","Member Name","Classification Code","Member ID","Parent Member ID",Terminated,"Member Notes","Member Definitions"
1,Canada,[11124],1,,,,
2,"Consuming population of cannabis",,1,,,,
2,"Volume of cannabis consumed",,2,,,,
3,"15 years and over",,1,,,,
3,"15 to 17 years ",,2,1,,,
3,"18 to 24 years",,3,1,,,
3,"25 to 44 years",,4,1,,,
3,"45 to 64 years",,5,1,,,
3,"65 years and over",,6,1,,,
4,"Total, all frequencies",,1,,,,
4,Once,,2,1,,,
4,"Less than once per month",,3,1,,,
4,"One to three times per month",,4,1,,,
4,"At least once a week (excludes daily)",,5,1,,,
4,Daily,,6,1,,,

Symbol Legend
Description,Symbol
"not available for a specific reference period",..
"less than the limit of detection",<LOD
"value rounded to 0 (zero) where there is a meaningful distinction between true zero and the value that was rounded",0s
"data quality: excellent",A
"data quality: very good",B
"data quality: good",C
"data quality: acceptable",D
"use with caution",E
"too unreliable to be published.",F
"not applicable",...
preliminary,p
revised,r
"suppressed to meet the confidentiality requirements of the Statistics Act",x
terminated,t

"Survey Code","Survey Name"
5263,"Crowdsourcing - Cannabis"

"Subject Code","Subject Name"
36,"Economic accounts"

"Note ID",Note

"Correction ID","Correction Date","Correction Note"

