﻿"Cube Title","Product Id","CANSIM Id",URL,"Cube Notes","Archive Status",Frequency,"Start Reference Period","End Reference Period","Total number of dimensions"
"Cannabis consumer prices",18100211,388-0011,"https://www150.statcan.gc.ca/t1/tbl1/en/tv.action?pid=1810021101",,"CURRENT - a cube available to the public and that is current",Annual,2010-01-01,2017-01-01,3

"Dimension ID","Dimension name","Dimension Notes","Dimension Definitions"
1,Geography,,
2,Measure,,
3,Characteristics,,

"Dimension ID","Member Name","Classification Code","Member ID","Parent Member ID",Terminated,"Member Notes","Member Definitions"
1,Canada,11124,1,,,,
1,Atlantic,1,2,1,,,
1,"Newfoundland and Labrador",10,3,2,,,
1,"Prince Edward Island",11,4,2,,,
1,"Nova Scotia",12,5,2,,,
1,"New Brunswick",13,6,2,,,
1,Quebec,24,7,1,,,
1,Ontario,35,8,1,,,
1,Prairies,4,9,1,,,
1,Manitoba,46,10,9,,,
1,Saskatchewan,47,11,9,,,
1,Alberta,48,12,9,,,
1,"British Columbia",59,13,1,,,
1,Territories,6,14,1,,,
1,Yukon,60,15,14,,,
1,"Northwest Territories including Nunavut",,16,14,,,
1,"Northwest Territories",61,17,14,,,
1,Nunavut,62,18,14,,,
2,"Current prices",,1,,,,
2,"Price indexes",,2,,,,
3,"Medical purposes",,1,,,,
3,"Non-medical purposes",,2,,,,

Symbol Legend
Description,Symbol
"not available for a specific reference period",..
"less than the limit of detection",<LOD
"value rounded to 0 (zero) where there is a meaningful distinction between true zero and the value that was rounded",0s
"data quality: excellent",A
"data quality: very good",B
"data quality: good",C
"data quality: acceptable",D
"use with caution",E
"too unreliable to be published.",F
"not applicable",...
preliminary,p
revised,r
"suppressed to meet the confidentiality requirements of the Statistics Act",x
terminated,t

"Survey Code","Survey Name"
5263,"Crowdsourcing - Cannabis"

"Subject Code","Subject Name"
18,"Prices and price indexes"

"Note ID",Note

"Correction ID","Correction Date","Correction Note"

