﻿"Cube Title","Product Id","CANSIM Id",URL,"Cube Notes","Archive Status",Frequency,"Start Reference Period","End Reference Period","Total number of dimensions"
"Household final consumption expenditure of cannabis",36100603,,"https://www150.statcan.gc.ca/t1/tbl1/en/tv.action?pid=3610060301",1;2;3,"CURRENT - a cube available to the public and that is current",Quarterly,1961-01-01,2018-10-01,4

"Dimension ID","Dimension name","Dimension Notes","Dimension Definitions"
1,Geography,,
2,Indicator,,
3,Authority,,
4,"Type of use",,

"Dimension ID","Member Name","Classification Code","Member ID","Parent Member ID",Terminated,"Member Notes","Member Definitions"
1,Canada,[11124],1,,,,
2,"Household final consumption expenditure",,1,,,,
3,"Licensed source",,1,,,,
3,"Unlicensed source",,2,,,,
4,"Medical use",,1,,,,
4,"Non-medical use",,2,,,,

Symbol Legend
Description,Symbol
"not available for a specific reference period",..
"less than the limit of detection",<LOD
"value rounded to 0 (zero) where there is a meaningful distinction between true zero and the value that was rounded",0s
"data quality: excellent",A
"data quality: very good",B
"data quality: good",C
"data quality: acceptable",D
"use with caution",E
"too unreliable to be published.",F
"not applicable",...
preliminary,p
revised,r
"suppressed to meet the confidentiality requirements of the Statistics Act",x
terminated,t

"Survey Code","Survey Name"
5263,"Crowdsourcing - Cannabis"

"Subject Code","Subject Name"
36,"Economic accounts"

"Note ID",Note
1,"Statistics Canada, Licensed Cannabis Producers Survey, No. 5252 (http://www23.statcan.gc.ca/imdb/p2SV.pl?Function=getSurvey&SDDS=5252)"
2,"Health Canada (https://www.canada.ca/en/health-canada.html)
"
3,"Statistics Canada, ""A cannabis economic account - A framework"", Latest Developments in the Canadian Economic Accounts (13-605-X), 2017 (https://www150.statcan.gc.ca/n1/pub/13-605-x/2017001/article/54881-eng.htm)"

"Correction ID","Correction Date","Correction Note"

