﻿"Cube Title","Product Id","CANSIM Id",URL,"Cube Notes","Archive Status",Frequency,"Start Reference Period","End Reference Period","Total number of dimensions"
"Prevalence of cannabis use in the past three months, self-reported",13100383,,"https://www150.statcan.gc.ca/t1/tbl1/en/tv.action?pid=1310038301",,"CURRENT - a cube available to the public and that is current",Quarterly,2018-01-01,2019-01-01,2

"Dimension ID","Dimension name","Dimension Notes","Dimension Definitions"
1,Geography,,
2,"Self-reported cannabis use in the past three months",,

"Dimension ID","Member Name","Classification Code","Member ID","Parent Member ID",Terminated,"Member Notes","Member Definitions"
1,Canada,[11124],1,,,,
1,"Newfoundland and Labrador",[10],2,1,,,
1,"Prince Edward Island",[11],3,1,,,
1,Nova Scotia,[12],4,1,,,
1,"New Brunswick",[13],5,1,,,
1,Quebec,[24],6,1,,,
1,Ontario,[35],7,1,,,
1,Manitoba,[46],8,1,,,
1,Saskatchewan,[47],9,1,,,
1,Alberta,[48],10,1,,,
1,British Columbia,[59],11,1,,,
1,"Whitehorse (Yukon)",[60],12,1,,,
1,"Yellowknife (Northwest Territories)",[61],13,1,,,
1,"Iqaluit (Nunavut)",[62],14,1,,,
1,"Canada, females",[11124],15,,,,
1,"Canada, males",[11124],16,,,,
1,"Canada, ages 15 to 24",[11124],17,,,,
1,"Canada, ages 25 to 34",[11124],18,,,,
1,"Canada, ages 35 to 44",[11124],19,,,,
1,"Canada, ages 45 to 54",[11124],20,,,,
1,"Canada, ages 55 to 64",[11124],21,,,,
1,"Canada, ages 65 years and older",[11124],22,,,,
2,"Number of people",,1,,,,
2,"Percentage of people",,2,,,,
2,"Lower limit, 95% confidence interval",,3,,,,
2,"Upper limit, 95% confidence interval",,4,,,,

Symbol Legend
Description,Symbol
"not available for a specific reference period",..
"less than the limit of detection",<LOD
"value rounded to 0 (zero) where there is a meaningful distinction between true zero and the value that was rounded",0s
"data quality: excellent",A
"data quality: very good",B
"data quality: good",C
"data quality: acceptable",D
"use with caution",E
"too unreliable to be published.",F
"not applicable",...
preliminary,p
revised,r
"suppressed to meet the confidentiality requirements of the Statistics Act",x
terminated,t

"Survey Code","Survey Name"
5262,"National Cannabis Survey"

"Subject Code","Subject Name"
13,Health

"Note ID",Note

"Correction ID","Correction Date","Correction Note"

